{
  "best_global_step": null,
  "best_metric": null,
  "best_model_checkpoint": null,
  "epoch": 3.0,
  "eval_steps": 500,
  "global_step": 435,
  "is_hyper_param_search": false,
  "is_local_process_zero": true,
  "is_world_process_zero": true,
  "log_history": [
    {
      "epoch": 0.6896551724137931,
      "grad_norm": 0.33298254013061523,
      "learning_rate": 4.9500000000000004e-05,
      "loss": 3.6706,
      "step": 100
    },
    {
      "epoch": 1.3793103448275863,
      "grad_norm": 0.1335870623588562,
      "learning_rate": 3.522388059701492e-05,
      "loss": 0.0263,
      "step": 200
    },
    {
      "epoch": 2.0689655172413794,
      "grad_norm": 0.24410662055015564,
      "learning_rate": 2.029850746268657e-05,
      "loss": 0.02,
      "step": 300
    },
    {
      "epoch": 2.7586206896551726,
      "grad_norm": 0.2790176570415497,
      "learning_rate": 5.373134328358209e-06,
      "loss": 0.0138,
      "step": 400
    }
  ],
  "logging_steps": 100,
  "max_steps": 435,
  "num_input_tokens_seen": 0,
  "num_train_epochs": 3,
  "save_steps": 500,
  "stateful_callbacks": {
    "TrainerControl": {
      "args": {
        "should_epoch_stop": false,
        "should_evaluate": false,
        "should_log": false,
        "should_save": true,
        "should_training_stop": true
      },
      "attributes": {}
    }
  },
  "total_flos": 470583443718144.0,
  "train_batch_size": 4,
  "trial_name": null,
  "trial_params": null
}
